Epoch,Seg_Loss,Sev_Loss,Consistency_Loss,Total_Loss,Pixel_Acc,mIoU,mDice
1,2.3041,0.0943,0.1165,2.4566,0.0999,0.0103,0.0188
2,2.3048,0.0979,0.0710,2.4382,0.1001,0.0126,0.0230
3,2.3073,0.0945,0.0607,2.4322,0.1002,0.0100,0.0182
4,2.3061,0.1019,0.0635,2.4397,0.1000,0.0100,0.0182
5,2.3062,0.0972,0.0655,2.4362,0.1001,0.0100,0.0182
6,2.3066,0.0901,0.0587,2.4261,0.1001,0.0100,0.0182
7,2.3056,0.1093,0.0516,2.4406,0.1000,0.0100,0.0182
8,2.3055,0.1061,0.0635,2.4434,0.0999,0.0100,0.0182
9,2.3070,0.0977,0.0668,2.4381,0.1001,0.0100,0.0182
10,2.3064,0.1015,0.0618,2.4388,0.0999,0.0100,0.0182
11,2.3059,0.1052,0.0583,2.4402,0.1001,0.0100,0.0182
12,2.3060,0.1097,0.0595,2.4454,0.0999,0.0100,0.0182
13,2.3064,0.1047,0.0677,2.4449,0.0999,0.0100,0.0182
14,2.3070,0.0865,0.0704,2.4287,0.1000,0.0100,0.0182
15,2.3067,0.0960,0.0662,2.4358,0.1000,0.0100,0.0182
16,2.3062,0.1052,0.0613,2.4420,0.1000,0.0100,0.0182
17,2.3060,0.0937,0.0590,2.4292,0.1000,0.0100,0.0182
18,2.3062,0.1019,0.0614,2.4388,0.1001,0.0100,0.0182
19,2.3064,0.1033,0.0646,2.4420,0.0997,0.0100,0.0181
20,2.3068,0.0966,0.0711,2.4389,0.0999,0.0100,0.0182
21,2.3068,0.1098,0.0654,2.4493,0.1001,0.0100,0.0182
22,2.3062,0.0937,0.0619,2.4309,0.0998,0.0100,0.0182
23,2.3060,0.0965,0.0599,2.4325,0.0999,0.0100,0.0182
24,2.3063,0.0962,0.0607,2.4328,0.1000,0.0100,0.0182
25,2.3060,0.0953,0.0577,2.4301,0.1000,0.0100,0.0182
26,2.3060,0.1199,0.0616,2.4567,0.0999,0.0100,0.0182
27,2.3068,0.0978,0.0703,2.4398,0.0998,0.0100,0.0181
28,2.3071,0.0802,0.0712,2.4230,0.1000,0.0100,0.0182
29,2.3063,0.0988,0.0644,2.4373,0.1000,0.0100,0.0182
30,2.3064,0.1022,0.0631,2.4402,0.1000,0.0100,0.0182
31,2.3063,0.0963,0.0640,2.4345,0.0999,0.0100,0.0182
32,2.3065,0.0947,0.0612,2.4319,0.1000,0.0100,0.0182
33,2.3057,0.1132,0.0573,2.4475,0.0999,0.0100,0.0182
34,2.3062,0.0878,0.0631,2.4256,0.1001,0.0100,0.0182
35,2.3067,0.0967,0.0671,2.4370,0.1002,0.0100,0.0182
36,2.3066,0.0958,0.0650,2.4349,0.1000,0.0100,0.0182
37,2.3061,0.1047,0.0612,2.4415,0.1001,0.0100,0.0182
38,2.3064,0.1049,0.0632,2.4429,0.1001,0.0100,0.0182
39,2.3064,0.0890,0.0635,2.4271,0.1001,0.0100,0.0182
40,2.3063,0.0946,0.0620,2.4319,0.0999,0.0100,0.0182
41,2.3060,0.1070,0.0580,2.4420,0.1000,0.0100,0.0182
42,2.3059,0.0913,0.0599,2.4272,0.1001,0.0100,0.0182
43,2.3062,0.1108,0.0586,2.4463,0.1000,0.0100,0.0182
44,2.3059,0.0940,0.0548,2.4272,0.1000,0.0100,0.0182
45,2.3059,0.1047,0.0602,2.4406,0.1000,0.0100,0.0182
46,2.3065,0.0895,0.0627,2.4273,0.0999,0.0100,0.0182
47,2.3061,0.1016,0.0593,2.4373,0.1000,0.0100,0.0182
48,2.3063,0.1154,0.0651,2.4543,0.1000,0.0100,0.0182
49,2.3069,0.0972,0.0707,2.4395,0.1001,0.0100,0.0182
50,2.3067,0.0966,0.0674,2.4370,0.0999,0.0100,0.0182
51,2.3063,0.0926,0.0616,2.4297,0.1000,0.0100,0.0182
52,2.3061,0.0882,0.0595,2.4240,0.1000,0.0100,0.0182
53,2.3059,0.1028,0.0561,2.4367,0.0999,0.0100,0.0182
54,2.3060,0.1137,0.0595,2.4494,0.1000,0.0100,0.0182
55,2.3065,0.1020,0.0666,2.4418,0.1000,0.0100,0.0182
56,2.3067,0.0985,0.0663,2.4383,0.1000,0.0100,0.0182
57,2.3064,0.1007,0.0639,2.4391,0.1001,0.0100,0.0182
58,2.3063,0.0958,0.0636,2.4338,0.1002,0.0100,0.0182
59,2.3066,0.0813,0.0653,2.4206,0.1000,0.0100,0.0182
60,2.3063,0.0935,0.0618,2.4307,0.1000,0.0100,0.0182
61,2.3061,0.0949,0.0598,2.4309,0.1000,0.0100,0.0182
62,2.3060,0.0988,0.0579,2.4337,0.1001,0.0100,0.0182
63,2.3061,0.1100,0.0603,2.4462,0.1000,0.0100,0.0182
64,2.3064,0.1025,0.0620,2.4398,0.1001,0.0100,0.0182
65,2.3063,0.0982,0.0645,2.4367,0.0998,0.0100,0.0182
66,2.3067,0.0934,0.0674,2.4337,0.1001,0.0100,0.0182
67,2.3065,0.0911,0.0654,2.4304,0.0998,0.0100,0.0181
68,2.3063,0.1084,0.0613,2.4454,0.1001,0.0100,0.0182
69,2.3061,0.0977,0.0613,2.4344,0.1000,0.0100,0.0182
70,2.3064,0.1017,0.0621,2.4391,0.0999,0.0100,0.0182
71,2.3061,0.1046,0.0599,2.4406,0.1001,0.0100,0.0182
72,2.3062,0.0900,0.0631,2.4278,0.0999,0.0100,0.0182
73,2.3064,0.1075,0.0611,2.4445,0.1000,0.0100,0.0182
74,2.3060,0.0905,0.0596,2.4263,0.1001,0.0100,0.0182
75,2.3060,0.0948,0.0591,2.4303,0.1000,0.0100,0.0182
76,2.3062,0.1152,0.0597,2.4512,0.0999,0.0100,0.0182
77,2.3064,0.0943,0.0659,2.4337,0.1001,0.0100,0.0182
78,2.3064,0.0895,0.0626,2.4273,0.1000,0.0100,0.0182
79,2.3061,0.1046,0.0590,2.4402,0.1000,0.0100,0.0182
80,2.3058,0.0995,0.0559,2.4332,0.1001,0.0100,0.0182
81,2.3060,0.0951,0.0578,2.4300,0.0999,0.0100,0.0182
82,2.3061,0.0964,0.0604,2.4326,0.1000,0.0100,0.0182
83,2.3065,0.1013,0.0675,2.4416,0.1002,0.0100,0.0182
84,2.3067,0.0924,0.0660,2.4321,0.1000,0.0100,0.0182
85,2.3064,0.0922,0.0652,2.4312,0.0999,0.0100,0.0182
86,2.3065,0.0881,0.0643,2.4267,0.1000,0.0100,0.0182
87,2.3060,0.0907,0.0578,2.4256,0.1001,0.0100,0.0182
88,2.3060,0.1073,0.0585,2.4425,0.0999,0.0100,0.0182
89,2.3062,0.0950,0.0620,2.4322,0.1001,0.0100,0.0182
90,2.3065,0.1058,0.0652,2.4449,0.1001,0.0100,0.0182
91,2.3066,0.0992,0.0665,2.4390,0.0998,0.0100,0.0182
92,2.3066,0.0921,0.0662,2.4318,0.1000,0.0100,0.0182
93,2.3066,0.1006,0.0673,2.4409,0.1000,0.0100,0.0182
94,2.3066,0.0922,0.0661,2.4318,0.1002,0.0100,0.0182
95,2.3065,0.0974,0.0655,2.4366,0.1000,0.0100,0.0182
96,2.3067,0.1010,0.0675,2.4414,0.0999,0.0100,0.0182
97,2.3066,0.0964,0.0691,2.4376,0.0998,0.0100,0.0181
98,2.3069,0.1021,0.0697,2.4439,0.1000,0.0100,0.0182
99,2.3066,0.0917,0.0650,2.4308,0.1000,0.0100,0.0182
100,2.3061,0.0990,0.0602,2.4352,0.0999,0.0100,0.0182
